estimate,std_error
0.641844001772961,0.11999825403638423
